,City,Country,Lat,Lng,Max Temp,Humidity,Cloudiness,Wind Speed,Current Description
0,Port Hueneme,US,34.1478,-119.1951,66.79,68,75,12.66,broken clouds
1,Nikolskoye,RU,59.7035,30.7861,24.69,90,98,3.76,overcast clouds
2,Juneau,US,58.3019,-134.4197,19.4,100,20,6.91,few clouds
3,Albany,US,42.6001,-73.9662,51.58,85,100,3.0,overcast clouds
4,Lata,PT,40.1629,-8.3327,51.08,93,100,4.97,overcast clouds
5,Urdoma,RU,61.7533,48.5442,19.51,97,98,3.33,light snow
6,Ushuaia,AR,-54.8,-68.3,51.42,57,40,23.02,scattered clouds
7,Russell,US,32.3502,-85.1999,70.88,55,0,14.97,clear sky
8,Busselton,AU,-33.65,115.3333,62.35,79,99,10.47,overcast clouds
9,Mar Del Plata,AR,-38.0023,-57.5575,65.08,97,100,15.01,mist
10,Ribeira Grande,PT,38.5167,-28.7,62.78,76,11,4.0,few clouds
11,Chuy,UY,-33.6971,-53.4616,70.88,85,8,16.11,clear sky
12,Balkanabat,TM,39.5108,54.3671,47.19,26,100,4.52,overcast clouds
13,Tiksi,RU,71.6872,128.8694,-11.22,100,100,14.85,overcast clouds
14,Ewo,CG,-0.8725,14.8206,68.83,97,96,2.98,overcast clouds
15,Mataura,NZ,-46.1927,168.8643,50.49,56,76,9.24,broken clouds
16,Tucano,BR,-10.9631,-38.7867,78.66,63,97,3.94,overcast clouds
17,Bengkulu,ID,-3.8004,102.2655,73.87,87,98,3.78,overcast clouds
18,Toora-Khem,RU,52.4675,96.11,-23.12,100,89,0.81,overcast clouds
19,Kavaratti,IN,10.5669,72.642,80.31,75,5,2.66,clear sky
20,Kobryn,BY,52.2138,24.3564,28.78,94,100,7.87,overcast clouds
21,Dankov,RU,53.2515,39.1555,22.32,69,87,5.57,overcast clouds
22,Ostrovnoy,RU,68.0531,39.5131,21.16,92,90,7.25,overcast clouds
23,Harwich,GB,51.9419,1.2844,48.0,89,52,4.0,broken clouds
24,Kodiak,US,57.79,-152.4072,26.11,54,0,0.0,clear sky
25,Kholm,RU,59.2667,32.85,16.41,89,64,4.25,broken clouds
26,Bethel,US,41.3712,-73.414,57.88,83,100,4.0,overcast clouds
27,Punta Arenas,CL,-53.15,-70.9167,51.91,50,75,34.52,broken clouds
28,Aykhal,RU,66.0,111.5,-27.29,98,99,12.5,overcast clouds
29,Hithadhoo,MV,-0.6,73.0833,80.58,73,61,7.43,broken clouds
30,Thompson,CA,55.7435,-97.8558,-12.84,64,20,5.75,few clouds
31,Bluff,NZ,-46.6,168.3333,50.81,82,97,17.27,overcast clouds
32,Naberera,TZ,-4.2,36.9333,63.03,88,97,7.16,overcast clouds
33,Alice Springs,AU,-23.7,133.8833,71.15,26,0,0.0,clear sky
34,San Andres,CO,12.5847,-81.7006,84.22,65,40,13.8,scattered clouds
35,Saint-Philippe,RE,-21.3585,55.7679,74.79,78,30,9.26,scattered clouds
36,Owando,CG,-0.4819,15.8999,67.91,99,100,0.6,overcast clouds
37,Lodja,CD,-3.4833,23.4333,67.93,100,96,1.48,overcast clouds
38,Binga,ZW,-17.6203,27.3414,73.98,64,10,2.77,clear sky
39,Tasiilaq,GL,65.6145,-37.6368,39.36,97,100,20.94,moderate rain
40,Yellowknife,CA,62.456,-114.3525,-15.45,76,20,2.3,few clouds
41,Miri,MY,4.4148,114.0089,73.54,100,40,4.61,scattered clouds
42,Sur,OM,22.5667,59.5289,73.26,56,72,2.42,broken clouds
43,East London,ZA,-33.0153,27.9116,71.55,90,100,6.08,overcast clouds
44,Aguimes,ES,27.9054,-15.4461,66.83,64,75,12.66,broken clouds
45,Turiacu,BR,-1.6633,-45.3717,76.12,87,69,3.67,light rain
46,Cap Malheureux,MU,-19.9842,57.6142,72.46,76,56,3.0,broken clouds
47,Sterling,US,39.0062,-77.4286,54.46,41,40,20.71,scattered clouds
48,Nanakuli,US,21.3906,-158.1547,85.37,59,100,10.36,overcast clouds
49,Atbasar,KZ,51.8,68.3333,7.48,77,100,15.55,overcast clouds
50,Rikitea,PF,-23.1203,-134.9692,72.95,71,85,12.46,overcast clouds
51,Svetlogorsk,BY,52.6333,29.7333,18.95,94,66,6.33,broken clouds
52,Port-Gentil,GA,-0.7193,8.7815,80.56,89,40,5.75,scattered clouds
53,New Norfolk,AU,-42.7826,147.0587,56.71,53,6,1.01,clear sky
54,Kapaa,US,22.0752,-159.319,84.18,72,0,17.27,clear sky
55,Batticaloa,LK,7.7102,81.6924,77.45,83,91,0.98,overcast clouds
56,San Patricio,US,28.017,-97.5169,66.15,51,4,14.18,clear sky
57,Bredasdorp,ZA,-34.5322,20.0403,63.19,80,71,2.37,broken clouds
58,Avarua,CK,-21.2078,-159.775,80.65,78,20,18.41,few clouds
59,Severo-Kurilsk,RU,50.6789,156.125,29.7,82,58,9.98,broken clouds
60,Nelson Bay,AU,-32.7167,152.15,69.1,70,100,4.0,overcast clouds
61,Coihaique,CL,-45.5752,-72.0662,58.95,41,20,6.91,few clouds
62,Taoudenni,ML,22.6783,-3.9836,66.52,19,0,10.33,clear sky
63,Dikson,RU,73.5069,80.5464,22.42,94,100,12.28,overcast clouds
64,Kichera,RU,55.9375,110.0997,-4.76,99,100,2.75,light snow
65,Nanortalik,GL,60.1432,-45.2371,29.08,79,100,32.26,overcast clouds
66,Lebu,CL,-37.6167,-73.65,54.21,72,0,22.21,clear sky
67,Kedrovyy,RU,56.1667,91.8167,-1.79,97,60,4.38,broken clouds
68,Mayskiy,RU,47.6931,40.1025,26.01,33,18,17.81,few clouds
69,Tuktoyaktuk,CA,69.4541,-133.0374,-0.4,85,100,9.22,light snow
70,Vila,PT,42.0304,-8.1588,43.68,93,99,3.74,overcast clouds
71,Northam,GB,51.0333,-4.2167,42.26,87,37,7.36,scattered clouds
72,Vaini,TO,-21.2,-175.2,78.96,83,75,11.5,broken clouds
73,Luderitz,NA,-26.6481,15.1594,62.89,79,0,8.9,clear sky
74,Port Lincoln,AU,-34.7333,135.8667,61.97,69,11,13.4,few clouds
75,Nhulunbuy,AU,-12.2333,136.7667,79.41,94,100,0.0,overcast clouds
76,Kosh-Agach,RU,50.0,88.6667,-13.77,70,74,4.5,broken clouds
77,Arraial Do Cabo,BR,-22.9661,-42.0278,74.25,91,100,23.73,overcast clouds
78,Hermanus,ZA,-34.4187,19.2345,59.81,85,61,4.25,broken clouds
79,Mount Gambier,AU,-37.8333,140.7667,60.67,73,67,6.44,broken clouds
80,Broome,US,42.2506,-75.833,41.7,84,100,19.57,overcast clouds
81,Chokurdakh,RU,70.6333,147.9167,0.09,97,100,9.71,light snow
82,Port Hedland,AU,-20.3167,118.5667,82.45,74,63,4.61,broken clouds
83,Balsas,BR,-7.5325,-46.0356,73.76,91,74,5.57,broken clouds
84,Ayan,RU,56.45,138.1667,-6.11,85,100,25.55,overcast clouds
85,Touros,BR,-5.1989,-35.4608,79.03,69,100,11.07,overcast clouds
86,Sohag,EG,26.557,31.6948,59.29,42,0,5.28,clear sky
87,Shediac,CA,46.2198,-64.5411,38.08,80,75,16.11,broken clouds
88,Katsuura,JP,35.1333,140.3,55.31,84,100,17.69,overcast clouds
89,Monrovia,LR,6.3005,-10.7969,78.91,81,24,6.64,few clouds
90,Dingle,PH,10.9995,122.6711,77.07,90,98,8.75,light rain
91,Atuona,PF,-9.8,-139.0333,77.95,74,71,14.18,light rain
92,Ahipara,NZ,-35.1667,173.1667,63.32,63,97,14.85,overcast clouds
93,Barrow,US,71.2906,-156.7887,28.42,93,100,6.91,mist
94,Amga,RU,60.8953,131.9608,-18.58,96,100,5.12,overcast clouds
95,Dodge City,US,37.7528,-100.0171,43.05,35,0,17.27,clear sky
96,Hobart,AU,-42.8794,147.3294,57.06,57,75,12.66,broken clouds
97,Jamestown,US,42.097,-79.2353,31.17,70,100,24.16,overcast clouds
98,Saskylakh,RU,71.9167,114.0833,-27.9,100,100,7.49,overcast clouds
99,Banepa,NP,27.6298,85.5214,47.21,71,3,2.98,clear sky
100,Akim Swedru,GH,5.8938,-1.0164,73.85,94,67,2.57,broken clouds
101,Dudinka,RU,69.4058,86.1778,1.11,99,100,5.68,overcast clouds
102,Vanavara,RU,60.34,102.2797,-0.26,95,100,6.06,overcast clouds
103,Texiguat,HN,13.6497,-87.0225,82.56,80,95,5.08,overcast clouds
104,Dzhebariki-Khaya,RU,62.2167,135.8,-32.31,98,100,2.24,overcast clouds
105,Westport,US,41.1415,-73.3579,59.14,89,100,26.46,overcast clouds
106,Qaanaaq,GL,77.484,-69.3632,-22.22,77,16,4.79,few clouds
107,Georgetown,MY,5.4112,100.3354,80.24,90,20,3.44,few clouds
108,Minuri,PH,16.535,121.8574,74.75,95,98,0.63,overcast clouds
109,Sola,VU,-13.8833,167.55,86.67,70,71,0.0,broken clouds
110,Pokrovsk,UA,48.282,37.1758,29.53,40,96,18.03,overcast clouds
111,Ukiah,US,39.1502,-123.2078,55.44,58,100,5.75,overcast clouds
112,Dali,CN,25.7,100.1833,46.56,91,1,3.8,clear sky
113,Concarneau,FR,47.875,-3.9225,43.83,88,9,9.55,clear sky
114,Namibe,AO,-15.1961,12.1522,69.96,75,83,7.74,broken clouds
115,Waipawa,NZ,-41.4122,175.5153,54.23,69,93,12.17,overcast clouds
116,Longyearbyen,SJ,78.2186,15.6401,35.44,80,75,14.97,broken clouds
117,Baykit,RU,61.67,96.37,1.22,96,100,4.52,overcast clouds
118,Geraldton,AU,-28.7667,114.6,68.41,68,100,6.91,overcast clouds
119,Norman Wells,CA,65.282,-126.8329,-11.16,77,100,4.61,light snow
120,Cayenne,GF,4.9333,-52.3333,78.84,83,0,2.3,clear sky
121,Shakawe,BW,-18.3667,21.85,77.11,32,33,7.38,scattered clouds
122,Butaritari,KI,3.0707,172.7902,81.41,76,15,13.13,few clouds
123,Ikwiriri,TZ,-7.9562,38.9716,72.68,97,45,1.63,light rain
124,Victoria,HK,22.2855,114.1577,62.33,80,100,18.01,overcast clouds
125,Yulara,AU,-25.2406,130.9889,77.88,19,1,11.61,clear sky
126,Sao Filipe,CV,14.8961,-24.4956,75.76,65,63,9.55,broken clouds
127,Hailey,US,43.5196,-114.3153,25.81,80,100,5.75,snow
128,Cape Town,ZA,-33.9258,18.4232,66.27,84,0,11.5,clear sky
129,Strezhevoy,RU,60.7333,77.5889,-19.73,99,6,1.16,clear sky
130,Pauini,BR,-7.7136,-66.9764,81.34,69,90,3.09,overcast clouds
131,Laguna,US,38.421,-121.4238,60.31,45,0,9.22,clear sky
132,Quzhou,CN,28.9594,118.8686,35.28,95,100,6.96,light snow
133,Sandpoint,US,48.2766,-116.5533,25.86,91,100,4.0,heavy snow
134,Tarakan,ID,3.3,117.6333,78.8,82,100,6.35,light rain
135,Marsabit,KE,2.3284,37.9899,66.65,65,100,4.88,overcast clouds
136,Prieska,ZA,-29.6641,22.7474,76.32,45,40,1.88,light rain
137,Santa Isabel Do Rio Negro,BR,-0.4139,-65.0192,75.87,93,98,2.73,overcast clouds
138,Ancud,CL,-41.8697,-73.8203,53.22,58,16,5.97,few clouds
139,Necochea,AR,-38.5473,-58.7368,58.24,83,100,14.47,overcast clouds
140,Jaca,ES,42.569,-0.5499,33.98,91,70,4.41,broken clouds
141,Price,US,39.5994,-110.8107,34.86,25,0,3.44,clear sky
142,Torbay,CA,47.6666,-52.7314,23.4,86,0,3.44,clear sky
143,Kulhudhuffushi,MV,6.6221,73.07,81.14,68,23,1.88,light rain
144,Castro,BR,-24.7911,-50.0119,62.13,95,91,4.21,overcast clouds
145,Hilo,US,19.7297,-155.09,86.29,78,40,5.75,scattered clouds
146,Samarai,PG,-10.6167,150.6667,84.43,71,100,8.75,overcast clouds
147,Pangnirtung,CA,66.1451,-65.7125,-5.8,54,20,2.3,few clouds
148,Airai,TL,-8.9266,125.4092,65.32,83,98,0.87,overcast clouds
149,Ponta Do Sol,PT,32.6667,-17.1,67.71,76,16,3.78,few clouds
150,Esperance,AU,-33.8667,121.9,67.03,60,16,13.31,few clouds
151,Chumikan,RU,54.7183,135.315,-10.37,78,100,22.32,overcast clouds
152,Faanui,PF,-16.4833,-151.75,80.4,77,15,13.85,few clouds
153,Mitsamiouli,KM,-11.3847,43.2844,77.83,76,1,5.39,clear sky
154,Mapiripan,CO,2.8892,-72.1256,76.71,84,80,5.17,broken clouds
155,Katima Mulilo,NA,-17.5,24.2667,72.03,57,37,4.27,scattered clouds
156,Isangel,VU,-19.55,169.2667,87.91,70,100,5.75,overcast clouds
157,Puerto Narino,CO,-3.7703,-70.3831,81.75,69,63,3.04,broken clouds
158,Khatanga,RU,71.9667,102.5,-35.57,99,71,6.55,broken clouds
159,East Chicago,US,41.6392,-87.4548,27.43,62,34,18.79,scattered clouds
160,Jhanjharpur,IN,26.2667,86.2833,60.94,60,36,6.93,scattered clouds
161,Ugoofaaru,MV,5.6667,73.0,80.74,68,24,2.08,few clouds
162,Nizwa,OM,22.9333,57.5333,68.5,46,97,2.46,overcast clouds
163,Port Elizabeth,ZA,-33.918,25.5701,67.1,89,0,8.05,clear sky
164,Kaitangata,NZ,-46.2817,169.8464,60.71,54,23,12.64,few clouds
165,Arlit,NE,18.7369,7.3853,69.51,21,0,6.8,clear sky
166,Nagato,JP,34.3833,131.2,45.12,63,96,13.13,overcast clouds
167,Biltine,TD,14.5333,20.9167,74.21,20,4,7.92,clear sky
168,Pokhara,NP,28.2333,83.9833,57.81,36,0,5.06,clear sky
169,Lompoc,US,34.6391,-120.4579,62.78,79,100,13.8,overcast clouds
170,Alta Floresta,BR,-9.8756,-56.0861,72.95,89,69,2.93,broken clouds
171,Camopi,GF,3.1655,-52.3158,72.07,99,67,2.66,broken clouds
172,Flinders,AU,-34.5833,150.8552,69.19,70,95,4.0,overcast clouds
173,Kudahuvadhoo,MV,2.6708,72.8944,79.5,70,17,4.45,few clouds
174,Coquimbo,CL,-29.9533,-71.3436,65.93,68,100,10.36,overcast clouds
175,Hasaki,JP,35.7333,140.8333,52.2,76,100,20.78,overcast clouds
176,Rawatsar,IN,29.2833,74.3833,59.07,29,0,4.79,clear sky
177,Vestmannaeyjar,IS,63.4427,-20.2734,45.82,72,83,23.96,broken clouds
178,Shingu,JP,33.7333,135.9833,46.42,69,74,5.68,broken clouds
179,Kathmandu,NP,27.7167,85.3167,49.12,69,1,1.86,clear sky
180,Bandarbeyla,SO,9.4942,50.8122,77.49,83,5,16.06,light rain
181,Monterey,US,36.2505,-121.2516,61.18,11,29,2.48,scattered clouds
182,Lagoa,PT,39.05,-27.9833,61.79,75,2,6.93,clear sky
183,Dongli,CN,23.5656,116.8194,57.18,77,100,6.71,overcast clouds
184,Bogoslovka,RU,53.2084,44.8013,19.72,79,1,3.65,clear sky
185,Alofi,NU,-19.0595,-169.9187,85.89,70,40,8.05,scattered clouds
186,Provideniya,RU,64.3833,-173.3,30.31,74,0,4.47,clear sky
187,Sechura,PE,-5.5569,-80.8222,72.9,67,26,16.78,scattered clouds
188,Walvis Bay,NA,-22.9575,14.5053,61.75,82,15,5.75,few clouds
189,Okato,NZ,-39.2,173.8833,56.68,76,59,14.92,broken clouds
190,Kalmunai,LK,7.4167,81.8167,76.55,86,96,0.81,overcast clouds
191,Beroroha,MG,-21.6667,45.1667,74.79,66,63,2.46,broken clouds
192,Asnaes,DK,55.8123,11.5013,38.26,96,100,9.98,overcast clouds
193,Paamiut,GL,61.994,-49.6678,25.56,84,100,45.01,light snow
194,Ilulissat,GL,69.2167,-51.1,23.02,86,100,26.46,light snow
195,Erenhot,CN,43.6475,111.9767,1.62,68,27,10.18,scattered clouds
196,Deputatskiy,RU,69.3,139.9,-14.22,99,100,3.76,light snow
197,Oranjemund,NA,-28.55,16.4333,61.25,88,0,4.94,clear sky
198,Palhi,PH,10.6498,124.8062,78.66,88,91,7.61,overcast clouds
199,Buraydah,SA,26.326,43.975,66.65,52,61,10.42,broken clouds
200,Khromtau,KZ,50.2503,58.4347,5.47,73,28,9.6,scattered clouds
201,Opuwo,NA,-18.0607,13.84,70.95,48,38,5.57,scattered clouds
202,Kirakira,SB,-10.4544,161.9205,84.15,71,100,3.94,light rain
203,Salalah,OM,17.0151,54.0924,77.09,73,20,3.44,few clouds
204,Port Hardy,CA,50.6996,-127.4199,33.98,75,75,18.41,broken clouds
205,General Pico,AR,-35.6566,-63.7568,60.06,91,74,17.65,light rain
206,Upernavik,GL,72.7868,-56.1549,7.57,90,100,17.78,light snow
207,Ternate,ID,0.8,127.4,81.32,80,100,2.86,overcast clouds
208,Half Moon Bay,US,37.4636,-122.4286,60.89,59,0,5.75,clear sky
209,Popondetta,PG,-8.7537,148.2534,87.17,59,100,2.91,overcast clouds
210,Puerto Ayora,EC,-0.7393,-90.3518,76.96,85,65,7.0,broken clouds
211,Mahebourg,MU,-20.4081,57.7,72.25,88,40,3.44,scattered clouds
212,Okhotsk,RU,59.3833,143.3,-1.03,99,100,14.56,light snow
213,Klaksvik,FO,62.2266,-6.589,49.12,96,100,32.97,light rain
214,Lithakia,GR,37.7167,20.8333,52.97,74,100,13.11,overcast clouds
215,Bambous Virieux,MU,-20.3428,57.7575,72.21,88,40,3.44,light rain
216,Eten,PE,-6.9081,-79.8642,71.85,73,0,21.85,clear sky
217,Batagay,RU,67.6333,134.6333,-22.77,99,100,1.86,light snow
218,Pedernales,DO,18.0384,-71.744,78.98,76,16,3.47,few clouds
219,Tingi,TZ,-11.3,35.0333,63.97,86,100,4.54,light rain
220,Xinqing,CN,48.2333,129.5,-11.87,91,80,9.46,broken clouds
221,Ridgecrest,US,35.6225,-117.6709,61.65,24,0,4.0,clear sky
222,Shenzhen,CN,22.5455,114.0683,61.84,85,100,10.96,overcast clouds
223,Srednekolymsk,RU,67.45,153.6833,-12.19,98,100,3.98,light snow
224,Cao Bang,VN,22.6667,106.25,54.64,95,100,2.82,overcast clouds
225,Avera,US,33.194,-82.5271,64.45,61,31,14.67,scattered clouds
226,Beloha,MG,-25.1667,45.05,70.03,89,100,10.78,overcast clouds
227,Gushikawa,JP,26.3544,127.8686,65.43,82,75,8.05,broken clouds
228,Najran,SA,17.4924,44.1277,57.85,40,48,2.1,scattered clouds
229,Hakui,JP,36.8833,136.7833,44.24,93,100,4.14,light rain
230,Lagunillas,VE,10.1301,-71.2595,78.01,84,16,10.56,few clouds
231,Severnyy,RU,50.677,36.5532,24.84,68,0,13.42,clear sky
232,Port Alfred,ZA,-33.5906,26.891,66.18,94,100,1.01,overcast clouds
233,Clyde River,CA,70.4692,-68.5914,-25.37,68,0,5.75,clear sky
234,King City,US,36.2127,-121.126,65.89,49,32,6.71,scattered clouds
235,Kieta,PG,-6.2167,155.6333,84.36,71,98,5.1,overcast clouds
236,Padang,ID,-0.9492,100.3543,75.25,97,100,3.49,overcast clouds
237,Kruisfontein,ZA,-34.0033,24.7314,63.88,74,16,3.15,few clouds
238,Fortuna,US,40.5982,-124.1573,53.94,73,100,17.27,overcast clouds
239,Tual,ID,-5.6667,132.75,81.36,75,100,15.86,light rain
240,Vao,NC,-22.6667,167.4833,78.46,82,82,6.35,broken clouds
241,Saint George,US,37.1041,-113.5841,58.42,24,0,3.0,clear sky
242,Salinas,US,36.6777,-121.6555,60.8,49,0,10.36,clear sky
243,Petukhovo,RU,55.0692,67.9019,3.61,80,100,10.4,overcast clouds
244,Constantine,DZ,36.365,6.6147,44.33,82,49,3.58,scattered clouds
245,Ponta Delgada,PT,37.7333,-25.6667,62.51,88,40,4.61,scattered clouds
246,Sakakah,SA,29.9697,40.2064,54.97,69,0,1.88,clear sky
247,Bara,NG,10.3744,10.7288,70.93,24,93,8.08,overcast clouds
248,Mogadishu,SO,2.0371,45.3438,79.57,76,82,13.62,broken clouds
249,Constitucion,CL,-35.3333,-72.4167,58.69,70,0,15.82,clear sky
250,Fukue,JP,32.6881,128.8419,48.58,65,91,19.93,overcast clouds
251,Namatanai,PG,-3.6667,152.4333,85.03,66,71,3.58,broken clouds
252,Yerbogachen,RU,61.2767,108.0108,-6.88,97,100,7.02,overcast clouds
253,Kamsack,CA,51.5667,-101.9009,-7.44,99,42,0.74,scattered clouds
254,Buin,CL,-33.7333,-70.75,75.52,40,0,9.93,clear sky
255,Banda Aceh,ID,5.5577,95.3222,77.61,80,100,2.66,overcast clouds
256,Antofagasta,CL,-23.65,-70.4,67.28,81,3,6.8,clear sky
257,Guerrero Negro,MX,27.9769,-114.0611,63.43,63,39,13.78,scattered clouds
258,Wasilla,US,61.5814,-149.4394,22.3,83,75,0.0,broken clouds
259,Trapani,IT,37.8333,12.6667,52.27,87,40,1.14,scattered clouds
260,Bambanglipuro,ID,-7.95,110.2833,77.72,79,100,3.11,overcast clouds
261,Sorland,NO,67.667,12.6934,39.06,77,99,13.35,overcast clouds
262,Asau,RO,46.4333,26.4,33.28,95,100,3.06,overcast clouds
263,Roma,US,43.2128,-75.4557,41.38,87,100,12.66,overcast clouds
264,Kavieng,PG,-2.5744,150.7967,83.77,68,23,2.68,few clouds
265,Killarney,IE,52.05,-9.5167,51.67,97,100,4.45,overcast clouds
266,Lorengau,PG,-2.0226,147.2712,84.63,69,96,4.0,overcast clouds
267,Dolinsk,RU,47.35,142.8,12.16,85,87,12.06,light snow
268,Hami,CN,42.8,93.45,10.56,23,89,1.59,overcast clouds
269,Nogales,MX,31.3086,-110.9422,72.97,14,0,14.07,clear sky
270,Ballina,AU,-28.8667,153.5667,61.79,99,100,18.63,light rain
271,Kisangani,CD,0.5167,25.2,67.28,99,77,1.19,broken clouds
272,Hofn,IS,64.2539,-15.2082,48.09,99,100,21.0,overcast clouds
273,Rocha,UY,-34.4833,-54.3333,69.51,85,22,13.04,few clouds
274,Pierre,US,44.3683,-100.351,25.72,53,0,8.01,clear sky
275,Warri,NG,5.5167,5.75,78.62,83,97,3.42,overcast clouds
276,Tucuman,AR,-26.8241,-65.2226,73.4,73,100,9.22,overcast clouds
277,Tortoli,IT,39.9256,9.6572,49.82,76,0,9.22,clear sky
278,College,US,64.8569,-147.8028,5.2,77,100,0.0,overcast clouds
279,Komsomolskiy,UZ,40.4272,71.7189,48.92,66,40,18.41,scattered clouds
280,Miandrivazo,MG,-19.5167,45.4667,77.16,77,54,2.59,broken clouds
281,Ifakara,TZ,-8.1333,36.6833,71.92,92,35,3.8,scattered clouds
282,Miranda,CO,3.2499,-76.2281,75.33,91,83,2.1,broken clouds
283,Yueyang,CN,29.3333,113.0919,28.89,93,100,11.7,light snow
284,Syracuse,IT,37.0881,15.2792,53.19,71,40,12.55,scattered clouds
285,Sitka,US,57.0531,-135.33,28.29,26,0,0.0,clear sky
286,Tocopilla,CL,-22.092,-70.1979,67.78,64,5,12.8,clear sky
287,Rawson,AR,-43.3002,-65.1023,64.89,48,19,25.23,few clouds
288,Nezlobnaya,RU,44.1181,43.4028,33.94,78,100,14.54,overcast clouds
289,Beira,MZ,-19.8436,34.8389,71.69,83,20,5.86,few clouds
290,Denia,ES,38.8408,0.1057,57.85,76,98,1.99,overcast clouds
291,Port Blair,IN,11.6667,92.75,80.26,84,91,6.4,overcast clouds
292,Silver City,US,32.7701,-108.2803,58.96,30,0,9.22,clear sky
293,Kampot,KH,10.6167,104.1833,77.05,87,93,1.21,overcast clouds
294,Chirongui,YT,-12.9319,45.1483,80.53,74,0,3.83,clear sky
295,San Pedro De Macoris,DO,18.4616,-69.2972,81.21,89,4,10.02,clear sky
296,Concordia,AR,-31.393,-58.0209,89.78,38,75,3.0,broken clouds
297,Nalut,LY,30.3333,10.85,50.25,49,1,6.51,clear sky
298,Saint-Joseph,RE,-21.3667,55.6167,73.78,78,43,6.62,scattered clouds
299,Ust-Koksa,RU,50.2696,85.6108,-8.45,79,5,0.89,clear sky
300,Manati,PR,18.4275,-66.4921,80.67,82,3,9.62,clear sky
301,Southbury,US,41.4815,-73.2132,58.08,78,100,13.8,mist
302,Yar-Sale,RU,66.8333,70.8333,-10.14,100,22,4.27,few clouds
303,Huarmey,PE,-10.0681,-78.1522,69.06,79,55,8.32,broken clouds
304,Sinnamary,GF,5.3833,-52.95,76.73,88,74,9.89,broken clouds
305,Tezu,IN,27.9167,96.1667,64.65,42,33,4.7,scattered clouds
306,Olutanga,PH,7.3106,122.8464,80.1,79,93,5.97,overcast clouds
307,Pisco,PE,-13.7,-76.2167,71.65,68,0,20.71,clear sky
308,Grand-Santi,GF,4.25,-54.3833,72.19,98,69,2.59,broken clouds
309,Nusaybin,TR,37.0778,41.2178,55.4,81,85,8.21,overcast clouds
310,Valdivia,CL,-39.8142,-73.2459,66.29,50,4,1.59,clear sky
311,Carnarvon,AU,-24.8667,113.6333,70.3,77,4,13.13,clear sky
312,Pouebo,NC,-20.4,164.5667,84.49,68,95,7.61,overcast clouds
313,Nyagan,RU,62.1406,65.3936,-2.22,99,95,1.95,overcast clouds
314,Muravlenko,RU,63.7898,74.523,-18.38,99,11,4.38,few clouds
315,Doha,QA,25.2867,51.5333,75.18,80,0,5.75,clear sky
316,Coria,ES,39.9879,-6.5377,46.45,95,100,5.3,overcast clouds
317,Kaohsiung,TW,22.6163,120.3133,69.75,77,75,8.05,broken clouds
318,Udomlya,RU,57.8794,34.9925,9.61,95,98,3.83,overcast clouds
319,Maneadero,MX,31.7167,-116.5667,59.11,74,11,3.0,few clouds
320,Roros,NO,62.5747,11.3842,19.24,86,100,0.0,overcast clouds
321,Strai,NO,58.2,7.9,35.64,91,75,5.75,broken clouds
322,Piacabucu,BR,-10.4056,-36.4344,75.09,89,100,10.69,light rain
323,Taltal,CL,-25.4,-70.4833,64.92,79,34,5.55,scattered clouds
324,Christchurch,NZ,-43.5333,172.6333,60.94,60,75,9.22,broken clouds
325,Thinadhoo,MV,0.5333,72.9333,80.11,68,21,5.44,few clouds
326,Inirida,CO,3.8653,-67.9239,74.5,95,96,1.77,heavy intensity rain
327,Kapoeta,SS,4.7717,33.5903,81.9,40,99,13.47,overcast clouds
328,Saint-Pierre,RE,-21.3393,55.4781,74.88,64,75,5.75,broken clouds
329,Peterongan,ID,-7.5394,112.2792,75.33,85,84,8.3,broken clouds
330,Lebane,RS,42.9239,21.7375,39.79,94,100,5.86,overcast clouds
331,Homer,US,59.6425,-151.5483,24.8,63,0,5.99,clear sky
332,Champerico,GT,14.3,-91.9167,91.94,78,14,7.47,few clouds
333,Gannan,CN,47.9147,123.5031,-12.14,81,35,7.16,scattered clouds
334,Banyo,CM,6.75,11.8167,68.2,40,100,2.21,overcast clouds
335,Liku,ID,-0.7275,119.8922,76.39,83,100,2.19,light rain
336,Katherine,AU,-14.4667,132.2667,73.72,73,99,3.44,overcast clouds
337,Rajauri,IN,33.3833,74.3,54.18,25,30,5.32,scattered clouds
338,Inhambane,MZ,-23.865,35.3833,72.14,85,21,10.31,light rain
339,Sinj,HR,43.7036,16.6394,46.29,85,75,7.25,broken clouds
340,Brae,GB,60.3964,-1.353,48.29,83,99,22.97,overcast clouds
341,Sucua,EC,-2.4667,-78.1667,81.34,65,75,6.91,moderate rain
342,Tuatapere,NZ,-46.1333,167.6833,52.72,77,92,8.57,overcast clouds
343,Jurm,AF,36.8648,70.8342,44.82,46,100,2.86,overcast clouds
344,Belaya Gora,RU,68.5333,146.4167,-16.28,100,100,1.36,overcast clouds
345,Novikovo,RU,51.1537,37.8879,25.75,57,100,11.32,overcast clouds
346,Eureka,US,40.8021,-124.1637,54.21,69,100,11.99,overcast clouds
347,Zhanaozen,KZ,43.3,52.8,27.64,32,100,11.54,overcast clouds
348,Ibra,OM,22.6906,58.5334,68.27,34,99,5.03,overcast clouds
349,Souillac,MU,-20.5167,57.5167,71.98,88,40,3.44,scattered clouds
350,Nadadores,MX,27.05,-101.6,61.48,55,75,8.05,broken clouds
351,Tutoia,BR,-2.7619,-42.2744,79.72,79,43,9.37,light rain
352,Makakilo City,US,21.3469,-158.0858,83.95,63,100,10.36,overcast clouds
353,Sandwick,GB,60.0,-1.25,49.82,81,100,21.85,light rain
354,Victor Harbor,AU,-35.5667,138.6167,62.01,76,7,11.97,clear sky
355,Giyon,ET,8.5333,37.9833,52.83,47,16,11.14,few clouds
356,Tabuk,PH,17.4189,121.4443,75.0,92,84,3.33,broken clouds
357,Winneba,GH,5.3511,-0.6231,78.48,86,52,5.82,broken clouds
358,Rio Gallegos,AR,-51.6226,-69.2181,62.65,25,0,26.46,clear sky
359,Bontang,ID,0.1333,117.5,76.62,86,97,5.06,light rain
360,Altay,CN,47.8667,88.1167,1.17,49,98,7.7,overcast clouds
361,Nador,MA,35.174,-2.9287,55.65,62,0,3.44,clear sky
362,Mizdah,LY,31.4451,12.9801,51.44,57,0,8.14,clear sky
363,Dawei,MM,14.0833,98.2,73.98,91,72,3.44,broken clouds
364,Nishihara,JP,26.1842,127.7558,65.48,82,75,14.97,broken clouds
365,Kodinsk,RU,58.6881,99.1844,-1.77,97,100,8.34,light snow
366,Escanaba,US,45.7453,-87.0646,25.97,65,100,17.27,overcast clouds
367,Plainview,US,40.7765,-73.4673,58.51,90,100,24.16,moderate rain
368,Tefe,BR,-3.3542,-64.7114,89.71,66,40,2.3,scattered clouds
369,Ust-Tsilma,RU,65.441,52.1498,-7.17,100,98,3.0,overcast clouds
370,Tautira,PF,-17.7333,-149.15,78.6,81,35,12.28,light rain
371,Pevek,RU,69.7008,170.3133,6.21,88,100,3.22,overcast clouds
372,Itaituba,BR,-4.2761,-55.9836,79.75,78,97,1.23,overcast clouds
373,Chiapilla,MX,16.5167,-92.7333,85.8,74,4,1.72,light rain
374,Porto Novo,BJ,6.4965,2.6036,82.22,84,65,6.15,broken clouds
375,Ambon,ID,-3.6954,128.1814,79.23,14,40,9.22,scattered clouds
376,Palmer,US,42.1584,-72.3287,57.85,84,100,21.85,light rain
377,Kawalu,ID,-7.3817,108.2082,72.75,92,100,2.42,overcast clouds
378,Conde,BR,-7.2597,-34.9075,80.06,69,40,5.75,scattered clouds
379,Narsaq,GL,60.9167,-46.05,28.62,90,96,3.98,overcast clouds
380,Lipin Bor,RU,60.2622,37.9763,13.33,94,99,3.58,overcast clouds
381,Ferrol,ES,43.4832,-8.2369,52.68,90,67,9.06,broken clouds
382,Sarkand,KZ,45.41,79.9186,28.96,86,100,4.05,overcast clouds
383,Waimes,BE,50.4149,6.1121,39.2,100,100,3.44,fog
384,Yeppoon,AU,-23.1333,150.7333,65.98,88,100,11.21,overcast clouds
385,Sao Joao Da Barra,BR,-21.6403,-41.0511,75.29,91,95,12.48,light rain
386,Cabedelo,BR,-6.9811,-34.8339,81.27,72,98,10.6,overcast clouds
387,Gat,IL,31.61,34.7642,59.4,64,0,4.63,clear sky
388,Koulikoro,ML,14.0,-7.75,73.29,19,70,5.97,broken clouds
389,Bereda,ES,43.2686,-7.5406,44.58,100,70,3.27,broken clouds
390,Karonga,MW,-9.9333,33.9333,74.44,78,92,5.26,light rain
391,Lavrentiya,RU,65.5833,-171.0,19.63,91,31,8.1,scattered clouds
392,Osoyoos,CA,49.0331,-119.4524,34.56,86,93,5.75,overcast clouds
393,Mehamn,NO,71.0357,27.8492,31.95,86,40,9.22,scattered clouds
394,Hazorasp,UZ,41.3194,61.0742,15.64,60,33,4.94,scattered clouds
395,La Ronge,CA,55.1001,-105.2842,-10.95,64,75,2.3,broken clouds
396,Zhigansk,RU,66.7697,123.3711,-31.16,99,70,6.35,broken clouds
397,Zarubino,RU,42.63,131.0922,14.56,55,92,22.5,overcast clouds
398,Ojinaga,MX,29.5667,-104.4167,65.57,36,0,13.8,clear sky
399,Huanren,CN,41.2647,125.3667,10.33,53,45,5.23,scattered clouds
400,Egvekinot,RU,66.3167,-179.1667,10.49,88,66,2.44,broken clouds
401,Grindavik,IS,63.8424,-22.4338,46.35,81,75,25.32,broken clouds
402,Kathu,TH,7.9178,98.3332,84.74,74,99,7.2,overcast clouds
403,Hualmay,PE,-11.0964,-77.6139,68.77,80,60,9.1,broken clouds
404,Nome,US,64.5011,-165.4064,24.87,80,100,10.36,overcast clouds
405,Sokoni,TZ,-6.4333,39.55,76.86,83,80,7.58,light rain
406,Codrington,AU,-38.2667,141.9667,60.71,76,90,8.75,overcast clouds
407,Anloga,GH,5.7947,0.8973,80.65,81,86,8.3,overcast clouds
408,Zyryanovsk,KZ,49.7386,84.2719,-23.12,99,22,2.01,few clouds
409,Umm Lajj,SA,25.0213,37.2685,74.89,51,97,9.31,overcast clouds
410,Along,IN,28.1667,94.7667,54.16,69,22,1.61,few clouds
411,Alugan,PH,12.2188,125.4808,81.64,83,92,14.7,overcast clouds
412,Sao Francisco,BR,-15.9486,-44.8644,70.52,95,59,4.72,broken clouds
413,Trelew,AR,-43.249,-65.3051,67.33,43,16,25.66,few clouds
414,Ndola,ZM,-12.9587,28.6366,67.55,86,71,3.0,broken clouds
415,Dunedin,NZ,-45.8742,170.5036,61.81,57,25,8.99,scattered clouds
416,Mandera,KE,3.9366,41.867,81.0,48,68,16.02,broken clouds
417,Kibaya,TZ,-5.3,36.5667,59.94,94,92,4.14,overcast clouds
418,Leninskoye,KZ,41.7589,69.3864,35.62,88,96,8.32,overcast clouds
419,Chernyshevskiy,RU,63.0128,112.4714,-25.06,97,82,4.47,broken clouds
420,Mayo,US,38.8876,-76.5119,57.31,45,100,16.11,overcast clouds
421,The Valley,AI,18.217,-63.0578,80.46,78,20,5.75,few clouds
422,Atar,MR,20.5169,-13.0499,70.88,17,7,7.11,clear sky
423,Gotsu,JP,35.0,132.2167,45.9,72,99,10.2,light rain
424,Motygino,RU,58.1831,94.7592,-6.21,94,100,11.59,light snow
425,Maldonado,UY,-34.6667,-54.9167,78.22,77,20,16.11,few clouds
426,Aklavik,CA,68.2191,-135.0107,1.4,78,75,4.61,light snow
427,Svetlyy,RU,54.675,20.1347,33.96,93,100,6.38,overcast clouds
428,Divnogorsk,RU,55.9594,92.3619,0.09,97,25,4.32,scattered clouds
429,Honiara,SB,-9.4333,159.95,85.21,68,67,3.69,broken clouds
430,Morondava,MG,-20.2833,44.2833,75.94,82,68,3.18,light rain
431,Muros,ES,42.7762,-9.0603,49.08,91,98,5.64,overcast clouds
432,Cabo San Lucas,MX,22.8909,-109.9124,81.61,62,20,10.36,few clouds
433,Hovd,MN,48.0056,91.6419,-3.78,79,100,3.18,overcast clouds
434,Bonavista,CA,48.6499,-53.1147,27.48,73,49,5.77,scattered clouds
435,Albanel,CA,48.8832,-72.4487,30.34,93,100,14.97,snow
436,Teya,RU,60.3778,92.6267,0.19,97,100,7.83,light snow
437,Belogorsk,RU,50.9158,128.4611,-23.82,95,8,6.38,clear sky
438,Bulgan,MN,48.8125,103.5347,-11.56,88,2,3.38,clear sky
439,Praia Da Vitoria,PT,38.7333,-27.0667,59.76,94,75,5.95,broken clouds
440,Luebo,CD,-5.35,21.4167,67.93,98,93,1.05,overcast clouds
441,Ixtapa,MX,20.7,-105.2,79.23,69,0,8.05,clear sky
442,Cherskiy,RU,68.75,161.3,4.55,95,100,6.06,light snow
443,Berlevag,NO,70.8578,29.0864,32.0,80,0,11.5,clear sky
444,Ospitaletto,IT,45.1333,10.6,45.12,90,83,1.99,broken clouds
445,Morehead,US,37.2711,-87.1764,40.75,42,0,6.91,clear sky
446,Razole,IN,16.4833,81.8333,71.28,89,4,4.03,clear sky
447,Brigantine,US,39.4101,-74.3646,59.2,94,100,13.8,overcast clouds
448,Sayyan,YE,15.1718,44.3244,48.18,39,0,3.67,clear sky
449,Peterhead,GB,57.5058,-1.7981,43.5,81,98,22.32,overcast clouds
450,Mareeba,AU,-17.0,145.4333,71.44,96,100,1.81,overcast clouds
451,Uyo,NG,5.0333,7.9266,76.33,89,96,3.36,overcast clouds
452,Puqi,CN,29.7167,113.8833,28.83,96,100,5.95,snow
453,Bagdarin,RU,54.4333,113.6,-14.85,85,100,3.69,overcast clouds
454,Ambilobe,MG,-13.2,49.05,75.7,85,91,1.23,overcast clouds
455,Nexo,DK,55.0607,15.1306,39.29,75,100,12.12,overcast clouds
456,San Jose,US,37.3394,-121.895,63.01,45,40,7.0,scattered clouds
457,Ola,RU,59.5833,151.2833,23.14,82,100,17.27,light snow
458,Mackay,AU,-21.15,149.2,71.69,83,100,10.51,overcast clouds
459,Nara,JP,34.6851,135.8049,45.5,50,37,5.95,scattered clouds
460,Umarkot,PK,25.3616,69.7362,64.8,26,0,6.62,clear sky
461,Nizhnevartovsk,RU,60.9344,76.5531,-11.18,77,0,2.24,clear sky
462,Lichinga,MZ,-13.3128,35.2406,62.69,94,100,11.5,overcast clouds
463,Kupang,ID,-10.1667,123.5833,77.58,94,20,2.3,few clouds
464,Mbandaka,CD,0.0487,18.2603,68.02,96,100,1.77,overcast clouds
465,Yuncheng,CN,35.0231,110.9928,20.46,43,49,4.54,scattered clouds
466,Naze,JP,28.3667,129.4833,58.12,75,100,18.59,overcast clouds
467,Flin Flon,CA,54.7682,-101.865,-7.76,59,75,4.61,broken clouds
468,Sao Felix Do Xingu,BR,-6.6447,-51.995,71.98,94,100,2.57,overcast clouds
469,Maragogi,BR,-9.0122,-35.2225,77.74,77,100,9.64,overcast clouds
470,Takhtamygda,RU,54.1,123.5667,-35.18,99,30,1.77,scattered clouds
471,Ulaangom,MN,49.9811,92.0667,-11.72,95,100,1.66,overcast clouds
472,Marzuq,YE,14.4,46.4667,60.84,72,0,1.57,clear sky
473,Boden,SE,65.8252,21.6886,32.0,98,100,1.28,overcast clouds
474,Kantilo,IN,20.35,85.1833,67.6,77,0,2.68,clear sky
475,Vigrestad,NO,58.5667,5.7,42.58,73,13,12.62,few clouds
476,Cidreira,BR,-30.1811,-50.2056,70.66,94,99,20.6,moderate rain
477,Bay Roberts,CA,47.5999,-53.2648,24.15,63,7,4.38,clear sky
478,Gua Musang,MY,4.8823,101.9644,71.11,99,100,0.92,overcast clouds
479,Cordoba,AR,-31.4135,-64.1811,74.25,56,40,8.05,scattered clouds
480,San Luis,AR,-33.295,-66.3356,74.32,44,80,11.1,broken clouds
481,Karratha,AU,-20.7377,116.8463,83.17,48,79,9.24,light rain
482,Seoul,KR,37.5683,126.9778,17.2,48,0,5.75,clear sky
483,Petropavlovsk-Kamchatskiy,RU,53.0452,158.6483,25.39,80,75,2.24,broken clouds
484,Meulaboh,ID,4.1363,96.1285,75.18,88,100,3.0,overcast clouds
485,Uvat,RU,59.1433,68.8953,-4.22,92,91,4.52,overcast clouds
486,Abadan,IR,30.3392,48.3043,71.55,94,82,2.3,broken clouds
487,Mazagao,BR,-0.115,-51.2894,82.45,85,96,5.12,overcast clouds
488,Melito Di Porto Salvo,IT,37.9222,15.7714,59.14,82,75,8.05,broken clouds
489,Mountain View,US,37.3861,-122.0838,62.49,51,0,8.05,clear sky
490,San Buenaventura,MX,27.0833,-101.5333,61.72,55,75,8.05,broken clouds
491,Santa Rosa,PH,14.3122,121.1114,77.11,95,99,11.3,moderate rain
492,Amahai,ID,-3.3333,128.9167,80.08,80,100,2.13,overcast clouds
493,Honningsvag,NO,70.9821,25.9704,35.35,80,100,14.97,overcast clouds
494,Alamogordo,US,32.8995,-105.9603,61.95,31,0,12.66,clear sky
495,Dalvik,IS,65.9702,-18.5286,44.53,89,100,12.71,overcast clouds
496,Turukhansk,RU,65.8167,87.9833,5.77,94,100,13.13,overcast clouds
497,Sumter,US,28.7086,-82.0831,72.09,82,100,4.72,overcast clouds
498,Caravelas,BR,-17.7125,-39.2481,75.94,93,100,5.14,overcast clouds
499,Fojnica,BA,43.9625,17.8983,36.52,99,100,2.89,overcast clouds
500,Mapiri,BO,-15.25,-68.1667,75.13,76,85,1.03,overcast clouds
501,Arman,RU,59.7,150.1667,23.02,87,100,8.81,snow
502,Houma,US,29.5958,-90.7195,66.2,39,0,16.11,clear sky
503,Kahului,US,20.8947,-156.47,83.97,74,40,14.97,scattered clouds
504,Acapulco,MX,16.8634,-99.8901,85.82,66,40,3.44,scattered clouds
505,Pestravka,RU,52.405,49.9583,15.58,90,16,5.53,few clouds
506,San Juan,AR,-31.5375,-68.5364,74.43,39,60,16.71,light rain
507,Tazmalt,DZ,36.3868,4.3989,48.78,74,67,2.42,broken clouds
508,Anori,BR,-3.7728,-61.6442,81.39,75,99,1.3,overcast clouds
509,Bay City,US,43.5945,-83.8889,30.42,69,100,24.16,overcast clouds
510,Johi,PK,26.6921,67.6133,65.91,23,36,0.56,scattered clouds
511,Perigueux,FR,45.1833,0.7167,43.97,92,1,5.5,clear sky
512,Leningradskiy,RU,69.3833,178.4167,8.2,92,96,6.33,overcast clouds
513,Ulladulla,AU,-35.35,150.4667,64.9,64,52,4.65,broken clouds
514,Taganak,PH,6.0833,118.3,77.14,79,99,5.23,overcast clouds
515,Ust-Ishim,RU,57.6935,71.1665,-12.32,96,81,3.58,broken clouds
516,Ketchikan,US,55.3422,-131.6461,25.27,26,0,10.36,clear sky
517,Fengzhen,CN,40.4394,113.1536,6.04,28,0,6.62,clear sky
518,Xinxiang,CN,35.3089,113.8672,17.94,81,15,1.81,few clouds
519,Araouane,ML,18.9048,-3.5265,72.88,15,99,8.55,overcast clouds
520,Kyshtovka,RU,56.555,76.6271,-14.12,95,30,3.15,scattered clouds
521,Sri Aman,MY,1.2376,111.4621,71.65,100,99,0.0,overcast clouds
522,Pacific Grove,US,36.6177,-121.9166,58.55,60,0,6.91,clear sky
523,Bubaque,GW,11.2833,-15.8333,81.82,66,54,13.22,broken clouds
524,Rujiena,LV,57.8975,25.3316,26.06,95,100,3.2,overcast clouds
525,Aviles,ES,43.5547,-5.9248,55.92,77,75,8.05,broken clouds
526,Great Yarmouth,GB,52.6083,1.7305,44.42,83,28,7.49,scattered clouds
527,Superior,US,46.7208,-92.1041,19.29,64,40,25.32,scattered clouds
528,Martinopolis,BR,-22.1458,-51.1708,79.92,61,60,3.15,broken clouds
529,Adrar,MR,20.5022,-10.0711,66.61,19,38,8.21,scattered clouds
530,Gimli,CA,50.6336,-96.9907,8.62,66,99,6.91,overcast clouds
531,Cuauhtemoc,MX,28.4167,-106.8667,63.73,25,41,11.56,scattered clouds
532,Ayia Galini,GR,35.1,24.6833,63.75,78,90,10.92,moderate rain
533,Ankazoabo,MG,-22.2833,44.5167,69.57,82,100,2.04,light rain
534,Mednogorsk,RU,51.4128,57.595,-0.69,82,6,3.62,clear sky
535,Pingliang,CN,35.5392,106.6861,18.18,29,92,1.23,overcast clouds
536,Portland,US,45.5234,-122.6762,45.66,91,100,16.11,mist
537,Labuan,MY,5.2767,115.2417,77.36,100,20,0.0,few clouds
538,Santo Tomas,PH,14.1079,121.1414,75.56,91,100,7.23,light rain
539,Okahandja,NA,-21.9833,16.9167,79.61,28,74,7.63,broken clouds
540,Dajabon,DO,19.5488,-71.7083,75.65,83,65,8.03,light rain
541,Loukhi,RU,66.0764,33.0381,25.92,96,100,4.09,overcast clouds
542,Rio Grande,BR,-32.035,-52.0986,77.11,89,14,17.83,few clouds
543,Iqaluit,CA,63.7506,-68.5145,-20.31,68,20,15.01,few clouds
544,Beisfjord,NO,68.3751,17.5988,32.05,85,99,3.38,light snow
545,Cascais,PT,38.6979,-9.4215,56.93,93,85,13.0,light rain
546,Saint-Augustin,CA,51.226,-58.6502,3.74,94,86,0.87,overcast clouds
547,Buala,SB,-8.145,159.5921,82.02,77,100,4.92,light rain
548,Wattegama,LK,6.7989,81.4808,71.94,96,97,2.57,overcast clouds
549,Balkhash,KZ,46.844,74.9804,20.23,94,100,9.48,snow
550,Tinaquillo,VE,9.9186,-68.3047,84.27,87,27,5.44,scattered clouds
551,Filadelfia,US,39.9523,-75.1638,55.87,81,100,19.57,overcast clouds
552,Payo,ID,-3.7508,103.6372,71.15,98,84,2.01,broken clouds
553,Alyangula,AU,-13.8483,136.4192,84.81,62,96,8.72,overcast clouds
554,Dong Xoai,VN,11.5333,106.9167,70.43,95,100,4.29,overcast clouds
555,Port Augusta,AU,-32.5,137.7667,72.25,38,9,7.09,clear sky
556,Selikhino,RU,50.3672,137.4996,-5.49,89,100,16.26,overcast clouds
557,Zinder,NE,13.8072,8.9881,65.34,24,4,9.48,clear sky
558,Koumra,TD,8.9126,17.5539,75.11,28,97,5.01,overcast clouds
559,Canaries,ES,28.0,-15.5,62.56,64,20,10.36,few clouds
560,Wageningen,NL,51.9667,5.6667,44.11,94,100,4.61,mist
561,Torbat-E Jam,IR,35.244,60.6225,44.62,76,100,5.57,overcast clouds
562,Maningrida,AU,-12.0667,134.2667,80.91,53,100,4.92,overcast clouds
563,Vila Velha,BR,-20.3297,-40.2925,76.95,94,100,8.05,overcast clouds
564,Husavik,IS,66.0449,-17.3389,42.4,88,100,10.98,overcast clouds
565,Shadegan,IR,30.6497,48.6647,67.95,70,84,2.35,broken clouds
566,Yuxia,CN,34.0615,108.6291,20.01,43,58,3.71,broken clouds
567,Sheltozero,RU,61.3667,35.3667,21.94,79,100,5.08,overcast clouds
568,Marystown,CA,47.1666,-55.1483,29.07,62,6,5.86,clear sky
569,Texarkana,US,33.4251,-94.0477,53.82,34,0,4.61,clear sky
570,Urumqi,CN,43.801,87.6005,-3.05,71,0,2.24,clear sky
571,Wanning,CN,18.8003,110.3967,75.24,91,97,13.71,light rain
572,Gay,RU,51.4666,58.4552,0.12,90,6,5.95,clear sky
573,Nyimba,ZM,-14.5566,30.8149,65.43,92,6,3.8,clear sky
574,Sibolga,ID,1.7427,98.7792,75.13,91,100,1.32,overcast clouds
575,Olafsvik,IS,64.8945,-23.7142,43.93,75,81,30.04,broken clouds
576,Teguise,ES,29.0605,-13.564,61.02,72,40,6.91,scattered clouds
577,Rio Verde De Mato Grosso,BR,-18.9181,-54.8442,81.34,48,70,15.9,light rain
578,Kuala Terengganu,MY,5.3302,103.1408,76.95,94,20,2.3,few clouds
579,Rosetta,EG,31.4044,30.4164,64.17,72,0,7.74,clear sky
580,Guider,CM,9.9342,13.9486,76.06,29,76,6.38,broken clouds
581,Pokosnoye,RU,55.5258,101.0536,-0.49,85,100,17.27,overcast clouds
582,Irtyshskiy,RU,58.3333,68.1333,-0.17,88,98,5.53,overcast clouds
583,Kadoma,JP,34.7333,135.5833,49.98,65,20,2.3,few clouds
584,Arroyo,ES,41.6096,-4.7969,41.14,88,0,4.61,clear sky
585,Salinopolis,BR,-0.6136,-47.3561,78.98,79,87,7.9,overcast clouds
586,Kaura Namoda,NG,12.5898,6.5779,69.62,21,33,9.73,scattered clouds
587,Mount Isa,AU,-20.7333,139.5,78.57,41,0,10.36,clear sky
588,Jaicos,BR,-7.3592,-41.1378,79.47,65,60,0.22,broken clouds
589,Kautokeino,NO,69.0125,23.0412,24.44,96,100,5.57,overcast clouds
590,Rantepao,ID,-2.9701,119.8978,68.65,92,97,2.1,overcast clouds
591,Devon,GB,50.75,-3.75,46.56,96,96,6.11,overcast clouds
592,Kapit,MY,2.0167,112.9333,73.56,98,100,0.78,overcast clouds
593,Gamba,GA,-2.65,10.0,75.42,89,92,3.56,light rain
594,Khani,GE,41.9563,42.9566,45.97,79,21,5.95,few clouds
595,Kula,TR,38.5473,28.6498,51.31,82,97,6.22,overcast clouds
596,Bethanien,NA,-26.502,17.1583,77.81,35,32,2.89,scattered clouds
597,Revelstoke,CA,50.9832,-118.2023,21.22,93,100,2.3,overcast clouds
598,Tallahassee,US,30.4383,-84.2807,67.68,94,100,10.56,overcast clouds
599,Bowen,AU,-20.0167,148.2333,72.34,82,100,9.08,overcast clouds
600,Winnemucca,US,40.973,-117.7357,48.25,29,95,8.05,overcast clouds
601,Haines Junction,CA,60.7522,-137.5108,-16.65,76,100,0.0,overcast clouds
602,Noumea,NC,-22.2763,166.4572,87.78,99,71,5.99,broken clouds
603,Makokou,GA,0.5738,12.8642,67.5,98,89,2.37,overcast clouds
604,Vaitape,PF,-16.5167,-151.75,80.38,77,15,13.85,few clouds
605,Dingli,MT,35.8614,14.3822,55.81,82,20,8.05,few clouds
606,Maniitsoq,GL,65.4167,-52.9,20.93,75,100,35.01,overcast clouds
607,Tessalit,ML,20.1986,1.0114,69.85,19,24,6.69,few clouds
608,Balikpapan,ID,-1.2675,116.8289,77.99,94,20,0.0,few clouds
609,Kuito,AO,-12.3833,16.9333,59.25,96,92,2.73,light rain
610,Derzhavinsk,KZ,51.1,66.3167,9.99,84,100,12.3,overcast clouds
611,Murgab,TM,37.4966,61.9714,44.47,76,100,9.22,overcast clouds
612,Santa Isabel,BR,-23.3156,-46.2214,70.9,95,67,3.18,broken clouds
613,Beloostrov,RU,60.1512,30.0015,24.8,88,100,3.44,overcast clouds
614,Sao Luiz Gonzaga,BR,-28.4083,-54.9608,79.63,52,73,12.59,broken clouds
615,Saldanha,ZA,-33.0117,17.9442,62.65,91,43,8.05,scattered clouds
616,Viransehir,TR,37.2353,39.7631,54.32,83,100,8.57,overcast clouds
617,Luanda,AO,-8.8368,13.2343,77.14,83,91,3.56,overcast clouds
618,Sangar,RU,63.9242,127.4739,-37.84,99,98,3.15,overcast clouds
619,Chiredzi,ZW,-21.05,31.6667,64.8,60,0,1.25,clear sky
620,Requena,ES,39.4883,-1.1004,44.8,73,100,2.71,overcast clouds
621,Shache,CN,38.4167,77.2406,18.68,21,13,3.87,few clouds
622,Borovskoy,KZ,53.8,64.15,0.93,91,97,7.65,overcast clouds
623,Flagstaff,US,35.1981,-111.6513,51.46,38,0,18.41,clear sky
624,Fagersta,SE,60.0042,15.7932,33.44,98,100,1.57,overcast clouds
625,Omsukchan,RU,62.5333,155.8,2.14,97,100,5.59,light snow
626,Malanje,AO,-9.5402,16.341,64.58,98,100,3.83,light rain
627,Aktau,KZ,43.65,51.2,19.98,37,100,11.59,overcast clouds
628,Margate,GB,51.3813,1.3862,47.89,91,52,8.93,broken clouds
629,Jiuquan,CN,39.7432,98.5174,8.29,82,22,2.37,few clouds
630,Talnakh,RU,69.4865,88.3972,-2.76,99,99,5.32,overcast clouds
631,Vestmanna,FO,62.1564,-7.1664,47.32,100,100,25.32,light intensity drizzle
632,Camacha,PT,33.0833,-16.3333,63.82,88,75,11.5,broken clouds
633,Tura,IN,25.5198,90.2201,60.49,88,1,3.69,clear sky
634,Bam,IR,29.106,58.357,56.21,34,97,0.85,overcast clouds
635,Giyani,ZA,-23.3025,30.7187,65.52,66,0,5.64,clear sky
636,Taraz,KZ,42.9,71.3667,34.21,64,75,33.55,broken clouds
637,Basoko,CD,1.2391,23.616,69.67,96,99,2.06,overcast clouds
638,Bathsheba,BB,13.2167,-59.5167,79.41,78,20,12.66,few clouds
639,Tepango,MX,20.0,-97.8167,59.67,98,77,3.09,broken clouds
640,Manoel Urbano,BR,-8.8389,-69.2597,83.73,62,56,5.7,broken clouds
641,Kirksville,US,40.1948,-92.5833,30.15,49,0,13.8,clear sky
642,Zalesovo,RU,53.9939,84.7431,-8.09,86,2,5.57,clear sky
643,Parsabad,IR,39.6482,47.9174,38.62,96,100,6.13,light rain
644,Tombouctou,ML,20.0,-3.0,69.57,19,71,9.84,broken clouds
645,Sambava,MG,-14.2667,50.1667,72.34,92,15,4.76,few clouds
646,Dombasle-Sur-Meurthe,FR,48.6252,6.3497,44.01,93,100,6.91,overcast clouds
647,Beringovskiy,RU,63.05,179.3167,26.78,91,100,10.04,overcast clouds
648,Mamallapuram,IN,12.6264,80.1722,78.85,88,32,9.86,scattered clouds
649,Kizukuri,JP,40.8061,140.3861,32.52,72,99,17.83,light snow
650,Tsurib,RU,42.2368,46.8307,36.9,84,100,1.72,overcast clouds
651,Bemidji,US,47.4736,-94.8803,10.9,80,0,16.11,clear sky
652,Khvoynaya,RU,58.9,34.5333,10.94,95,89,3.65,overcast clouds
653,Vorukh,TJ,39.8494,70.5838,36.14,79,89,5.97,overcast clouds
654,Liverpool,GB,53.4106,-2.9779,43.14,94,75,4.61,broken clouds
655,Upata,VE,8.0086,-62.3989,76.19,91,44,4.03,scattered clouds
656,Onega,RU,63.9061,38.1404,14.23,90,99,4.76,overcast clouds
657,Tabas,IR,33.5959,56.9244,52.02,37,100,4.61,overcast clouds
658,Shahr-E Babak,IR,30.1165,55.1186,49.87,39,94,4.29,overcast clouds
659,Santa Maria,BR,-29.6842,-53.8069,85.3,48,20,13.8,few clouds
660,Tadine,NC,-21.55,167.8833,83.26,70,77,8.84,broken clouds
661,Elat,IL,29.5581,34.9482,62.44,51,0,6.91,clear sky
662,Darhan,MN,49.4867,105.9228,-8.86,87,35,6.96,scattered clouds
663,Burnie,AU,-41.0667,145.9167,60.94,46,0,1.72,clear sky
664,Ransang,PH,8.9603,117.5828,79.39,81,91,3.18,overcast clouds
665,Belmonte,BR,-15.8631,-38.8828,76.91,91,100,8.55,moderate rain
666,Nieves,PH,15.3274,120.9485,80.11,82,91,4.9,overcast clouds
667,Welkom,ZA,-27.9864,26.7066,73.56,36,31,6.24,scattered clouds
668,Mitchell,US,43.7094,-98.0298,26.58,50,0,8.05,clear sky
669,Leh,IN,34.1667,77.5833,18.93,57,95,0.76,overcast clouds
670,Solnechnyy,RU,50.7214,136.6319,-9.72,95,66,3.4,broken clouds
671,Storforshei,NO,66.4043,14.5233,26.65,93,75,0.0,broken clouds
672,Kim,TJ,40.208,70.4688,38.98,83,97,14.45,overcast clouds
673,Agadez,NE,19.75,10.25,61.32,34,2,5.37,clear sky
674,Yanam,IN,16.7333,82.2167,71.74,86,4,4.12,clear sky
675,Pizarro,CO,4.9533,-77.366,77.07,86,78,6.33,light rain
676,Gaoual,GN,11.75,-13.2,78.39,47,12,1.52,few clouds
677,San Joaquin,US,37.9333,-121.3011,62.33,43,0,3.44,clear sky
678,Pula,HR,44.8683,13.8481,45.57,70,20,6.91,few clouds
679,Rodrigues Alves,BR,-7.738,-72.6509,89.8,52,91,3.31,overcast clouds
680,Pasni,PK,25.2631,63.471,74.41,42,96,4.29,overcast clouds
681,Vostok,RU,46.4856,135.8833,-7.56,94,100,12.68,overcast clouds
